{"cameraMode":{"drawMode":2,"name":"Shaded Wireframe","section":"Shading Mode"},"sceneLighting":true,"audioPlay":false,"sceneViewState":{"m_AlwaysRefresh":false,"showFog":true,"showSkybox":true,"showFlares":true,"showImageEffects":true,"showParticleSystems":true,"showVisualEffectGraphs":true,"m_FxEnabled":true},"in2DMode":false,"pivot":{"x":-0.12847407162189485,"y":1.3463152647018433,"z":0.5941154956817627},"rotation":{"x":0.028815388679504396,"y":-0.9695908427238464,"z":0.19786815345287324,"w":0.14119350910186768},"size":0.8660253882408142,"orthographic":false}