{"cameraMode":{"drawMode":0,"name":"Shaded","section":"Shading Mode"},"sceneLighting":true,"audioPlay":false,"sceneViewState":{"m_AlwaysRefresh":false,"showFog":true,"showSkybox":true,"showFlares":true,"showImageEffects":true,"showParticleSystems":true,"showVisualEffectGraphs":true,"m_FxEnabled":true},"in2DMode":false,"pivot":{"x":1.0716052055358887,"y":0.010089278221130371,"z":1.3151180744171143},"rotation":{"x":0.2750535309314728,"y":-0.287688285112381,"z":0.08661604672670365,"w":0.9133658409118652},"size":1.0939340591430665,"orthographic":false}