{"cameraMode":{"drawMode":0,"name":"Shaded","section":"Shading Mode"},"sceneLighting":true,"audioPlay":false,"sceneViewState":{"m_AlwaysRefresh":false,"showFog":true,"showSkybox":true,"showFlares":true,"showImageEffects":true,"showParticleSystems":true,"showVisualEffectGraphs":true,"m_FxEnabled":true},"in2DMode":false,"pivot":{"x":0.05063048377633095,"y":1.5375741720199586,"z":1.3734445571899415},"rotation":{"x":-0.021075816825032235,"y":-0.9456577897071838,"z":0.06250688433647156,"w":-0.31852421164512637},"size":0.633921205997467,"orthographic":false}