{"cameraMode":{"drawMode":0,"name":"Shaded","section":"Shading Mode"},"sceneLighting":true,"audioPlay":false,"sceneViewState":{"m_AlwaysRefresh":false,"showFog":true,"showSkybox":true,"showFlares":true,"showImageEffects":true,"showParticleSystems":true,"showVisualEffectGraphs":true,"m_FxEnabled":true},"in2DMode":false,"pivot":{"x":-1.94046950340271,"y":2.3575336933135988,"z":-0.04599010944366455},"rotation":{"x":0.09337511658668518,"y":0.8294887542724609,"z":-0.14581751823425294,"w":0.5313400626182556},"size":0.7357767820358276,"orthographic":false}