{"cameraMode":{"drawMode":0,"name":"Shaded","section":"Shading Mode"},"sceneLighting":true,"audioPlay":false,"sceneViewState":{"m_AlwaysRefresh":false,"showFog":true,"showSkybox":true,"showFlares":true,"showImageEffects":true,"showParticleSystems":true,"showVisualEffectGraphs":true,"m_FxEnabled":true},"in2DMode":false,"pivot":{"x":-0.6413619518280029,"y":1.4669407606124879,"z":1.143476128578186},"rotation":{"x":-0.0632677674293518,"y":0.9106805920600891,"z":-0.15160349011421204,"w":-0.37943941354751589},"size":0.7357767820358276,"orthographic":false}