{"cameraMode":{"drawMode":0,"name":"Shaded","section":"Shading Mode"},"sceneLighting":true,"audioPlay":false,"sceneViewState":{"m_AlwaysRefresh":false,"showFog":true,"showSkybox":true,"showFlares":true,"showImageEffects":true,"showParticleSystems":true,"showVisualEffectGraphs":true,"m_FxEnabled":true},"in2DMode":false,"pivot":{"x":1.31754469871521,"y":-0.1294843703508377,"z":1.2514406442642213},"rotation":{"x":-0.14637719094753266,"y":0.1571647971868515,"z":-0.023561717942357065,"w":-0.9763815999031067},"size":3.4389352798461916,"orthographic":false}