{"cameraMode":{"drawMode":0,"name":"Shaded","section":"Shading Mode"},"sceneLighting":true,"audioPlay":false,"sceneViewState":{"m_AlwaysRefresh":false,"showFog":true,"showSkybox":true,"showFlares":true,"showImageEffects":true,"showParticleSystems":true,"showVisualEffectGraphs":true,"m_FxEnabled":true},"in2DMode":false,"pivot":{"x":0.14300329983234406,"y":1.2558605670928956,"z":1.908052682876587},"rotation":{"x":-0.07703537493944168,"y":0.7892265319824219,"z":-0.10117949545383454,"w":-0.6008437871932983},"size":0.19127821922302247,"orthographic":false}