{"cameraMode":{"drawMode":0,"name":"Shaded","section":"Shading Mode"},"sceneLighting":true,"audioPlay":false,"sceneViewState":{"m_AlwaysRefresh":false,"showFog":true,"showSkybox":true,"showFlares":true,"showImageEffects":true,"showParticleSystems":true,"showVisualEffectGraphs":true,"m_FxEnabled":true},"in2DMode":false,"pivot":{"x":-0.3543989062309265,"y":0.7761467695236206,"z":1.1983513832092286},"rotation":{"x":-0.06562719494104386,"y":0.9341013431549072,"z":-0.23603972792625428,"w":-0.25972726941108706},"size":0.662814199924469,"orthographic":false}