{"cameraMode":{"drawMode":0,"name":"Shaded","section":"Shading Mode"},"sceneLighting":true,"audioPlay":false,"sceneViewState":{"m_AlwaysRefresh":false,"showFog":true,"showSkybox":true,"showFlares":true,"showImageEffects":true,"showParticleSystems":true,"showVisualEffectGraphs":true,"m_FxEnabled":true},"in2DMode":false,"pivot":{"x":0.17578692734241486,"y":0.8982157707214356,"z":1.258923888206482},"rotation":{"x":0.009191798977553845,"y":-0.9897792935371399,"z":0.12116394937038422,"w":0.07497547566890717},"size":0.8660253882408142,"orthographic":false}