{"cameraMode":{"drawMode":0,"name":"Shaded","section":"Shading Mode"},"sceneLighting":true,"audioPlay":false,"sceneViewState":{"m_AlwaysRefresh":false,"showFog":true,"showSkybox":true,"showFlares":true,"showImageEffects":true,"showParticleSystems":true,"showVisualEffectGraphs":true,"m_FxEnabled":true},"in2DMode":false,"pivot":{"x":0.435551255941391,"y":1.3341513872146607,"z":2.0332016944885256},"rotation":{"x":-0.09752288460731507,"y":0.8107684254646301,"z":-0.14126786589622498,"w":-0.5596886277198792},"size":0.19127821922302247,"orthographic":false}