{"cameraMode":{"drawMode":0,"name":"Shaded","section":"Shading Mode"},"sceneLighting":true,"audioPlay":false,"sceneViewState":{"m_AlwaysRefresh":false,"showFog":true,"showSkybox":true,"showFlares":true,"showImageEffects":true,"showParticleSystems":true,"showVisualEffectGraphs":true,"m_FxEnabled":true},"in2DMode":false,"pivot":{"x":0.5118042826652527,"y":1.6352570056915284,"z":2.2486612796783449},"rotation":{"x":-0.1852404922246933,"y":0.7962265014648438,"z":-0.29998737573623659,"w":-0.49168363213539126},"size":0.1413731426000595,"orthographic":false}