{"cameraMode":{"drawMode":0,"name":"Shaded","section":"Shading Mode"},"sceneLighting":true,"audioPlay":false,"sceneViewState":{"m_AlwaysRefresh":false,"showFog":true,"showSkybox":true,"showFlares":true,"showImageEffects":true,"showParticleSystems":true,"showVisualEffectGraphs":true,"m_FxEnabled":true},"in2DMode":false,"pivot":{"x":0.47447293996810915,"y":1.681319236755371,"z":2.176689386367798},"rotation":{"x":-0.3623068332672119,"y":0.4885636568069458,"z":-0.23331625759601594,"w":-0.7587295174598694},"size":0.19127821922302247,"orthographic":false}